K,transitions,probability,time
19,220,0.042179892426205554,1.1172075271606445
20,232,0.042179898822982884,2.236982583999634
21,244,0.04217989882780716,3.354473352432251
