K,transitions,probability,time
100,760000,4.258841268820376e-15,28.92242431640625
101,1830182,1.6614784806313156e-06,2548.126706123352
102,2960450,1.6676945408228546e-06,10502.665430307388
