transitions,probability,time
850090,2.2782483214690324e-15,814.8504226207733
