{"0": 0.14971120077719186, "1": 0.15319671650525404, "2": 0.001522103737105987, "3": 0.10648265160401753, "4": 0.0016822537913788818, "5": 0.08532730923199462, "6": 0.11329371133559141, "7": 0.11548664858083309, "8": 0.03060244227588001, "9": 0.10563777558008143, "10": 0.08612655439970238, "11": 0.00012177201313910248, "12": 0.005337416999072572, "13": 0.022838137863425572, "14": 0.02263330530533145}